<?xml version="1.0" encoding="UTF-8"?>
<beans:beans
	xmlns="http://www.springframework.org/schema/mvc"
	xmlns:xsi="http://www.w3.org/2001/XMLSchema-instance"
	xmlns:beans="http://www.springframework.org/schema/beans"
	xmlns:context="http://www.springframework.org/schema/context"
	xsi:schemaLocation="http://www.springframework.org/schema/mvc 
	https://www.springframework.org/schema/mvc/spring-mvc.xsd
		http://www.springframework.org/schema/beans 
		https://www.springframework.org/schema/beans/spring-beans.xsd
		http://www.springframework.org/schema/context
		 https://www.springframework.org/schema/context/spring-context.xsd">

	<!-- DispatcherServlet Context: defines this servlet's request-processing 
		infrastructure -->

	<!-- Enables the Spring MVC @Controller programming model -->
	<annotation-driven />

	<!-- Handles HTTP GET requests for /resources/** by efficiently serving 
		up static resources in the ${webappRoot}/resources directory -->
	<resources mapping="/resources/**" location="/resources/" />

	<!-- Resolves views selected for rendering by @Controllers to .jsp resources 
		in the /WEB-INF/views directory -->
	<beans:bean
		class="org.springframework.web.servlet.view.InternalResourceViewResolver">
		<beans:property name="prefix" value="/WEB-INF/views/" />
		<beans:property name="suffix" value=".jsp" />
	</beans:bean>

	<context:component-scan
		base-package="com.musun129.shopMall" />
	<!-- Handles HTTP GET requests for /resources/** by efficiently serving 
		up static resources in the ${webappRoot}/resources directory -->

	<resources mapping="/image/**" location="file:///C:/tmp/upload" />
	<resources mapping="/resources/**" location="/resources/" />
<!-- 	<resources mapping="/image/**" location="/file:///C:\jinyeong\TeamPJT\.metadata\.plugins\org.eclipse.wst.server.core\tmp0\work\Catalina\localhost\ROOT\tmp" /> -->

	<resources location="/js/" mapping="/js/**" />

	<resources location="/css/" mapping="/css/**" />

	<resources location="/img/" mapping="/img/**" />


	 <beans:bean id="multipartResolver" class="org.springframework.web.multipart.commons.CommonsMultipartResolver"> 
		<beans:property name="maxUploadSize" value="10485760" /> 
		<beans:property name="maxUploadSizePerFile" value="10485760" /> 
		<beans:property name="maxInMemorySize" value="0" /> 
		</beans:bean> 
	<!-- <beans:bean id="multipartResolver"
		class="org.springframework.web.multipart.support.StandardServletMultipartResolver" /> -->



	<context:component-scan
		base-package="Controller" />




</beans:beans>
